Teleplay_id,Predicted rating
5541,3.3269327431553855
6447,3.280451130907327
10105,3.211512560753049
24603,3.1850847468266834
29860,3.1644496656635237
30400,3.130477875574915
31071,3.096353589280073
31908,3.0888163871402523
32812,3.0592623153218157
32904,3.046515942765443
